{"assets/.env":["assets/.env"],"assets/fonts/Roboto-Medium.ttf":["assets/fonts/Roboto-Medium.ttf"],"assets/logo/icon.ico":["assets/logo/icon.ico"],"assets/logo/icon.png":["assets/logo/icon.png"],"assets/logo/icon1.png":["assets/logo/icon1.png"],"assets/logo/icon2.png":["assets/logo/icon2.png"],"packages/cupertino_icons/assets/CupertinoIcons.ttf":["packages/cupertino_icons/assets/CupertinoIcons.ttf"],"packages/quill_native_bridge_linux/assets/xclip":["packages/quill_native_bridge_linux/assets/xclip"]}